文本,链接地址
阴阳两界,https://games.xoyo.com/content/dynamic/?id=5cf38ab7e1caf47ff7a08240
茶馆奇缘,https://games.xoyo.com/content/dynamic/?id=5cf38e9ae1caf47ff7a08255
扶摇九天,https://games.xoyo.com/content/dynamic/?id=5cf390087fee3948d9cdd6d7
黑白路,https://games.xoyo.com/content/dynamic/?id=5cf390bae1caf47ff7a08265
虎啸山林,https://games.xoyo.com/content/dynamic/?id=5cf391117fee3948d9cdd6dd
护佑苍生,https://games.xoyo.com/content/dynamic/?id=5cf391637fee3948d9cdd6e2
济苍生,https://games.xoyo.com/content/dynamic/?id=5cf391b17fee3948d9cdd6e7
炼狱厨神,https://games.xoyo.com/content/dynamic/?id=5cf39210e1caf47ff7a08273
乱世舞姬,https://games.xoyo.com/content/dynamic/?id=5cf392617fee3948d9cdd6f1
平生心愿,https://games.xoyo.com/content/dynamic/?id=5cf392ae7fee3948d9cdd6f5
清风捕王,https://games.xoyo.com/content/dynamic/?id=5cf392e6e1caf47ff7a0827c
塞外宝驹,https://games.xoyo.com/content/dynamic/?id=5cf393207fee3948d9cdd6f8
三尺青锋,https://games.xoyo.com/content/dynamic/?id=5cf3935f7fee3948d9cdd6fa
三山四海,https://games.xoyo.com/content/dynamic/?id=5cf393a77fee3948d9cdd6fc
生死判,https://games.xoyo.com/content/dynamic/?id=5cf394fa7fee3948d9cdd70e
天涯无归,https://games.xoyo.com/content/dynamic/?id=5cf39531e1caf47ff7a08290
煌煌,https://games.xoyo.com/content/dynamic/?id=5cf39531e1caf47ff7a08290
雪山恩仇,https://games.xoyo.com/content/dynamic/?id=5cf395b27fee3948d9cdd713
悦月,https://games.xoyo.com/content/dynamic/?id=5cf397467fee3948d9cdd716
故园风雨,https://games.xoyo.com/content/dynamic/?id=5cf397467fee3948d9cdd716
少年行,https://games.xoyo.com/content/dynamic/?id=5d1d45a87fee396d3601f862
韶华故,https://games.xoyo.com/content/dynamic/?id=5d1d46b57fee396d3601f865
摸头杀,https://games.xoyo.com/content/dynamic/?id=5d1d47fc7fee396d3601f869
惜往日,https://games.xoyo.com/content/dynamic/?id=5d1d47fc7fee396d3601f869
舞众生,https://games.xoyo.com/content/dynamic/?id=5e6770957fee3951c0dd9348
白日梦,https://games.xoyo.com/content/dynamic/?id=5ed20d447d07180011d22ae9
兔江湖,https://games.xoyo.com/content/dynamic/?id=5ed731cb5ccdb40011d3f0fb
茶馆悬赏,https://games.xoyo.com/content/dynamic/?id=5f0fee727d07180011866e4a
劝学记,https://games.xoyo.com/content/dynamic/?id=5f2005d77d0718001126490c
争铸吴钩,https://games.xoyo.com/content/dynamic/?id=5f30e72c7d071800129ea179
侠行囧途,https://games.xoyo.com/content/dynamic/?id=603470115ccdb4001535febb
流年如虹,https://games.xoyo.com/content/dynamic/?id=608cebb37d07180015b26f28
旧宴承欢,https://games.xoyo.com/content/dynamic/?id=617ccda8cacd9d0012ada19b
凌云梯,https://games.xoyo.com/content/dynamic/?id=6184d5d97d07180012f7ebbd
度人心,https://games.xoyo.com/content/dynamic/?id=618fe16c8d465000123cafba
余半仙,https://games.xoyo.com/content/dynamic/?id=61f26686cacd9d0012577a12
对饮把欢,https://games.xoyo.com/content/dynamic/?id=5d28a1b3e1caf4685423096c
庆舞良宵,https://games.xoyo.com/content/dynamic/?id=62375bf85ccdb400127b3926
万灵当歌,https://games.xoyo.com/content/dynamic/?id=627000f17d071800136f701d
千秋铸,https://games.xoyo.com/content/dynamic/?id=62a1f6f9cacd9d001279945b
红尘不渡,https://games.xoyo.com/content/dynamic/?id=639241de7d07180014665358
镜中琴音,https://games.xoyo.com/content/dynamic/?id=63b3c5d68d46500013dcbc11
追魂骨,https://games.xoyo.com/content/dynamic/?id=63bbd6638d46500013dce00c
饿饿,https://games.xoyo.com/content/dynamic/?id=644aafa38d465000137227f8
醉烟波,https://games.xoyo.com/content/dynamic/?id=644aafa38d465000137227f8
莫负初心,https://games.xoyo.com/content/dynamic/?id=646e64905ccdb40016e9df33
